1,BE,BAD,,,,,,
2,UP,CUP,,,,,,
3,US,BUS,SUB,,,,,
4,IF,IT,FIT,,,,,
5,NO,ON,SO,SON,,,,
6,DO,GO,DOG,GOD,,,,
7,UP,US,SUP,,,,,
8,OF,OX,FOX,,,,,
9,TO,OPT,POT,TOP,,,,
10,AM,MY,MAY,YAM,,,,
11,DO,OR,WORD,,,,,
12,HE,NO,ON,HONE,,,,
13,ACE,CAFE,FACE,,,,,
14,NO,ON,ONE,OVEN,,,,
15,AT,ACT,CAT,FAT,FACT,,,
16,IN,IT,TIN,,,,,
17,DO,OR,OLD,ROD,LORD,,,
18,IS,WE,SEW,WISE,,,,
19,AS,SEA,SAVE,VASE,,,,
20,UP,COP,CUP,COUP,,,,
21,NO,ON,CON,ONE,ONCE,,,
22,ME,LIE,LIME,MILE,,,,
23,BOW,LOW,LOW,OWL,BOWL,,,
24,HE,HER,HEIR,HIRE,,,,
25,IN,NAP,NIP,PAN,PAIN,,,
26,AS,AT,ART,RAT,STAR,,,
27,IN,DEN,DIN,END,DINE,,,
28,NOW,OWN,SON,SOW,SNOW,,,
29,AT,IT,PIT,TIP,PITA,,,
30,IN,IS,INK,SKI,SKIN,,,
31,ACT,CAT,COT,COAT,,,,
32,IN,NO,ON,OIL,LION,,,
33,SO,UP,US,PUS,SOUP,,,
34,LET,LIE,TIE,LITE,,,,
35,IF,IT,FIG,FIT,GIT,GIFT,,
36,DOG,DOG,LOG,OLD,GOLD,,,
37,SO,TO,POT,TOP,POST,STOP,,
38,NET,NOT,ONE,TEN,TOE,TON,,
39,HIS,HIT,SIR,SIT,THIS,SHIRT,,
40,BY,US,BUS,BUY,SUB,BUSY,BUYS,
41,LESS,BLESS,,,,,,
42,AND,SAD,DEAN,SAND,SEND,,,
43,HOT,HUT,OUT,TOY,YOU,YOUTH,,
44,LOB,ONE,BONE,NOBLE,,,,
45,BED,BEE,DEER,BREED,,,,
46,CART,COAT,CROAT,,,,,
47,PET,PIT,TIP,DIET,EDIT,,,
48,AIR,GIN,NAG,RAG,RIG,GRAIN,,
49,CUT,TUCK,TUSK,STUCK,,,,
50,ALL,APE,PAL,PEA,LAPEL,,,
51,AND,RAG,DRAG,GRAND,,,,
52,BAD,BAR,DAB,BARD,,,,
53,ACT,CAR,CAT,FAT,FAT,CRAFT,,
54,HIT,RIG,RIGHT,,,,,
55,EVE,EVEN,EVER,NEVER,,,,
56,SO,TO,TOO,SOOT,,,,
57,AM,AT,ME,EAT,MATE,MEAT,,
58,ORE,REP,PORE,ROPE,,,,
59,FIT,ITS,SIT,WIT,SWIFT,,,
60,VIE,DIVE,DOVE,VIDEO,,,,
61,HOT,NOT,TON,MONTH,,,,
62,NET,NEW,TEN,WIN,TWIN,WINE,TWINE,
63,LAY,SAY,LAST,SALT,STAY,SALTY,,
64,TOE,MORE,ROTE,TERM,,,,
65,CAPE,EACH,HEAP,PACE,CHEAP,PEACH,,
66,RED,DIRE,FIRE,RIDE,FRIED,,,
67,WIN,SIGN,SING,WING,SWING,,,
68,GO,OR,UP,OUT,RUG,GROUP,,
69,AS,HE,HARE,HEAR,SHARE,,,
70,ANT,NUT,TAN,AUNT,,,,
71,HAM,SEA,SHE,MASH,SAME,SEAM,SHAME,
72,DEER,REED,CREED,,,,,
73,ANT,LOT,NOT,TAN,LOAN,TALON,,
74,IN,IT,TIN,UNIT,UNTIL,,,
75,OUT,HOST,SHOT,SHUT,SHOUT,SOUTH,,
76,AM,AT,ME,EAT,TEA,MATE,MEAT,
77,AS,GAS,GASP,SPAR,GRASP,,,
78,OAR,RAW,ROW,WAR,ROAR,ARROW,,
79,ROUT,TOUR,TROT,TROUT,TUTOR,,,
80,FOR,PRO,POOR,ROOF,PROOF,,,
81,COD,OLD,COLD,LOUD,CLOUD,COULD,,
82,RED,RID,DIVE,RIDE,DIVER,DRIVE,,
83,AS,IN,IS,AIL,SNAIL,,,
84,FIRE,RIDE,RIFE,FIRED,FRIED,,,
85,ITS,SIT,MIST,MISTY,,,,
86,ACE,SEA,SUE,USE,CAUSE,SAUCE,,
87,POT,TOP,PORT,POST,STOP,SPORT,,
88,GAS,LAS,SAG,GLASS,,,,
89,POSE,ROPE,ROSE,PROSE,,,,
90,DO,NO,BOLD,BOND,BLOND,,,
91,LIE,FILE,FIRE,LIFE,FLIER,,,
92,SIT,VIA,VAST,VISA,VISTA,,,
93,DEN,DIN,END,INDEX,,,,
94,EAT,LET,SEA,SET,TEA,LEAST,STEAL,
95,MET,PET,YET,TEMP,TYPE,EMPTY,,
96,DOG,GOD,OUR,GOURD,,,,
97,AS,HASH,RASH,HARSH,,,,
98,LOW,TOE,WET,WELT,TOWEL,,,
99,ARM,HARM,RASH,SHAM,MARSH,,,
100,ASH,HAP,PEA,SEA,SHE,PHASE,SHAPE,
101,PEN,PIE,PIN,SIP,SNIPE,SPINE,,
102,EVER,VEER,SERVE,SEVER,VERSE,,,
103,ION,SON,COIN,ICON,SONIC,,,
104,TOO,ROOT,SORT,ROOST,TORSO,,,
105,CAB,BACK,LACK,BLACK,,,,
106,ARM,MAN,MAR,NOR,MANOR,ROMAN,,
107,CASE,LACE,SALE,SEAL,SCALE,,,
108,BAT,HAT,BAIT,BATH,HABIT,,,
109,REP,OVER,PORE,ROPE,ROVE,PROVE,,
110,NO,OF,ON,ONE,LONE,FELON,,
111,CON,COY,CRY,CORN,CORNY,,,
112,RATE,REAL,TEAR,ALTER,LATER,,,
113,ITS,PIT,RIP,SIP,SIR,SIT,TIP,STRIP
114,NO,NOW,OWN,GROW,WORN,GROWN,,
115,SEE,REST,TREE,RESET,STEER,,,
116,NO,OK,TO,NOT,KNOT,,,
117,POD,PRO,ROD,DROP,PROD,,,
118,ASH,SAP,SEA,SHE,HEAP,PHASE,SHAPE,
119,ADD,AND,DAY,DANDY,,,,
120,UP,COP,HOP,CHOP,COUP,POUCH,,
121,EAR,HARE,HEAR,RASH,SEAR,SHARE,SHEAR,
122,CUT,LOT,CLOT,COLT,CULT,CLOUT,,
123,IN,CUT,NUT,TIN,TUNIC,,,
124,DO,MOM,DOME,MEMO,MODE,MODEM,,
125,AIM,ION,MAN,MAIN,AMINO,,,
126,BUT,NUT,RUB,RUN,TUB,BURN,BRUNT,BURNT
127,ABLE,BALD,BALE,BEAD,DEAL,LEAD,BLADE,
128,HOT,NOT,NOT,NORTH,THORN,,,
129,AIR,DAY,RID,AIRY,RAID,YARD,DAIRY,DIARY
130,LET,SET,ELSE,SLEET,STEEL,,,
131,ASH,ASK,SAC,CASH,HACK,SACK,SHACK,
132,IN,IT,HIT,HINT,THIN,NIGHT,THING,
133,BUS,HUB,RUB,SUB,RUSH,BRUSH,,
134,ICE,NEW,WIN,NICE,WINE,WINCE,,
135,HER,TEE,THE,HERE,TREE,ETHER,THERE,THREE
136,BUY,RUB,BURY,RUBY,,,,
137,IN,NO,ON,OR,NOR,IRON,NORM,MINOR
138,BAR,OAR,BOAR,,,,,
139,ME,TOE,TOT,TOTE,TOTEM,,,
140,ACNE,CANE,CLAN,LACE,LANE,LEAN,CLEAN,LANCE
141,HOT,HOW,TOW,WHO,THROW,WORTH,,
142,AS,EAR,EASE,SEAR,ERASE,,,
143,ION,NOR,RIB,BORN,IRON,ROBIN,,
144,HOT,NOT,TORN,NORTH,THORN,,,
145,AS,HEAL,LASH,SALE,SEAL,LEASE,,
146,NOW,OWN,SON,SOW,SWORN,,,
147,AIL,FIR,FAIL,LAIR,LIAR,FLAIR,,
148,ME,DEN,MAD,MAN,AMEND,NAMED,,
149,ASH,FAT,HAT,SAT,SHAFT,,,
150,CORE,ROSE,SORE,SCORE,,,,
151,AS,SAP,CLAP,SLAP,CLASP,SCALP,,
152,REP,PURE,URGE,PURGE,,,,
153,ASK,EAT,SEA,SET,TEA,SKATE,STAKE,STEAK
154,BAD,BAR,BRA,ROD,BOARD,BROAD,,
155,BLOW,BOWL,LOBE,BELOW,BOWEL,ELBOW,,
156,IT,HIT,RIG,GIRTH,RICHT,,,
157,EAR,ERA,BARE,BEAR,RAZE,ZEBRA,,
158,ANT,AUNT,TUNA,JAUNT,,,,
159,HEM,MASH,SAME,SEAM,SHAME,,,
160,AT,OT,ANT,NOT,TALON,TONAL,,
161,LIE,SLIM,SLIME,SMILE,,,,
162,WE,AWE,WAKE,WEAK,AWAKE,,,
163,SIR,SIT,STIR,WRIST,,,,
164,AS,SEA,SALE,SEAL,EASEL,LEASE,,
165,DARN,ROAD,ADORN,RADON,,,,
166,IRE,PEW,PIE,REP,RIPE,WIPE,WIPER,
167,LAG,NAG,LANE,ANGEL,ANGLE,GLEAN,,
168,PLY,POP,PLOY,POLYP,,,,
169,GO,OR,OUR,ROUGH,,,,
170,ITS,SIT,SUE,TIE,USE,SITE,SUIT,SUITE
171,ACHE,CAPE,CHAP,EACH,HEAP,PACE,CHEAP,PEACH
172,AS,NAIL,SAIL,SLAIN,SNAIL,,,
173,LOB,OWL,WEB,LOBE,BELOW,BOWEL,ELBOW,
174,COT,COST,SOCK,STOCK,,,,
175,ART,RAT,TAR,TRAIL,TRIAL,,,
176,OH,UP,CHOP,COUP,POUCH,,,
177,ANT,RAT,TAG,TAN,TAR,RANT,GRANT,
178,ASH,EAR,HER,SHEAR,,,,
179,GIG,GAIN,GANG,GIGA,,,,
180,LAB,BALM,LAMB,ALBUM,,,,
181,LIE,VIE,EVIL,LIVE,,,,
182,ALM,ABLE,BALE,BALM,LAME,MEAL,AMBLE,
183,SISI,MASS,MISS,AMISS,,,,
184,AIM,MANE,MEAN,MINE,NAME,,,
185,ALE,KALE,KANE,LANE,,,,
186,SIR,RISE,SEAR,SIRE,,,,
187,DESK,SAKE,ASKED,,,,,
188,SAP,PANE,SNAP,SPAN,ASPEN,,,
189,VIA,LAVA,VIAL,AVAIL,,,,
190,AWE,WAKE,WEAK,AWAKE,,,,
191,DAB,BAKE,BEAD,BEAK,,,,
192,SISI,BASS,BIAS,BASIS,,,,
193,BYE,BELL,YELL,BELLY,,,,
194,RIB,CRIB,RICH,BIRCH,,,,
195,DAB,BALD,BAND,LAND,BALND,,,
196,EAR,ABLE,BEAR,BALRE,,,,
197,IMP,LIMB,LIMP,BLIMP,,,,
198,FLU,BUFF,FLUB,BLUFF,,,,
199,RUB,BLUR,BULB,BLURB,,,,
201,ZOO,OBOE,OOZE,BOOZE,,,,
202,ARE,BAKE,BARE,BARK,BEAR,BAKER,BRAKE,BREAK
203,RED,BEER,BRED,REED,,,,
204,ACE,BALE,LACE,CABLE,,,,
205,ACE,ACHE,EACH,CACHE,,,,
206,ACE,ACED,CAKE,DECK,CAKED,,,
207,CON,CANE,CONE,ONCE,OCEAN,,,
208,ACE,ACHE,CAF\u00c9,CHEF,EACH,FACE,CHAFE,
209,CAN,CHIN,INCA,INCH,CHAIN,CHINA,,
210,CAN,INCH,CHAIN,CHINA,,,,
211,HOE,COKE,HECK,CHOKE,,,,
212,ICE,DIRE,RIDE,CIDER,CRIED,,,
213,CAN,CLAN,LACK,CLANK,,,,
214,CAN,ACNE,LEAN,CLEAN,LANCE,,,
215,OAK,COAL.COLA,LACK,LOCK,CLOAK,,,
216,OLE,COVE,LOVE,VOLE,CLOVE,,,
217,COO,COCA,COCO,COCOA,,,,
218,MAC,AMMO,CAMO,COMA,COMMA,,,
219,COY,CORN,CORNYCRONY,,,,,
220,EAR,CAKE,CARE,RACK,CREAK,,,
221,ORC,COCK,CORK,ROCK,CROCK,,,
222,CUE,CURL,RULE,ULCER,,,,
223,CRY,CURL,RULY,CURLY,,,,
224,AID,AIRY,ARID,DIARY,,,,
225,ERA,DARE,RARE,DARER,,,,
226,TIE,DIET,TIDY,TIED,YETI,DEITY,,
227,TEE,DEER,REED,TREE,DETER,,,
228,ROD,DOOR,LORD,ODOR,DROOL,,,
229,BUS,SEA,BASE,BEAU,ABUSE,,,
230,BAY,SAY,BASS,ABYSS,BASSY,,,
231,ADD,DAD,DEAD,ADDED,,,,
232,EAT,PAT,PET,TAP,PEAT,ADEPT,,
233,GIN,NAG,GAIN,AGAIN,,,,
234,AGE,ZAG,GAZE,AGAZE,,,,
235,EAR,REG,AGEE,RAGE,,,,
236,ALE,LIE,SAIL,SEAL,,,,
237,BUM,LAB,ALUM,BALM,LAMB,ALBUM,,
238,AIL,LAB,BAIL,ALIBI,,,,
239,ALL,LAY,ALLY,ALLAY,,,,
240,ALL,LAW,AWOL,ALLOW,,,,
241,ALL,LAY,ALLY,ALLOY,LOYAL,,,
242,ELM,LAB,LAMB,LAME,MALE,MEAL,AMBLE,BLAME
243,AIM,MAN,MAIN,MINE,NAME,,,
244,CAN,TIC,CANT,ANTIC,,,,
245,AIL,VAN,NAIL,VAIN,VIAL,ANVIL,,
246,AID,SAD,AIDE,IDEA,,,,
247,LAT,OAT,TALL,TOLL,ALLOT,,,
248,AIL,VIA,VIAL,AVAIL,,,,
249,SAT,VAT,VAST,AVAST,,,,
250,VAN,VIA,VAIN,AVIAN,,,,
301,HEY,WHY,CHEW,CHEWY,,,,
302,HIM,MIC,CHIP,CHIMP,,,,
303,CON,ION,INCH,CHINO,,,,
304,ICE,VIE,HIVE,VICE,CHIVE,,,
305,ICE,VIE,VICE,CIVIE,,,,
306,AIM,CAM,CALM,CLAIM,,,,
307,OLE,SEC,LOSE,SOLE,CLOSE,,,
308,CUP,UMP,LUMP,PLUM,CLUMP,,,
309,GUN,LUG,LUNG,CLUNG,,,,
310,COT,SAC,SCOT,COAST,,,,
311,CAB,CAR,CARB,CRAB,,,,
312,CON,COO,COOL,LOON,COLON,,,
313,COO,ORC,COOL,COLOR,,,,
314,ORE,SEC,CORE,ROSE,SORE,CORSE,SCORE,
315,DOC,OLD,COLD,LOUD,CLOUD,,,
316,REC,RED,CEDE,CREED,,,,
317,ARK,CAR,RACK,CROAK,,,,
318,COY,ORC,CORNY,CRONY,,,,
319,COO,ORC,COOK,CORK,ROCK,CROOK,,
320,COO,ORC,CORN,CROON,,,,
321,CUE,REC,CURE,CURL,LURE,CRUEL,ULCER,
322,CUB,RUB,CRUB,CRUMB,,,,
323,CUT,RUT,RUST,CRUST,,,,
324,AID,LAY,IDLY,DAILY,,,,
325,AID,RAY,DAIRY,DIARY,,,,
326,ADD,EAT,DEAD,DATED,,,,
327,ADD,DAD,DAZE,DEAD,DAZED,,,
328,RED,TEE,DEER,REED,TREE,DETER,,
329,BEE,BEER,MERE,EMBER,,,,
330,DEN,DUNE,NEED,NUDE,ENDUE,,,
331,COP,CHOP,COPE,ECHO,HOPE,EPOCH,,
332,PIE,QUIP,EQUIP,PIQUE,,,,
333,TIS,EXIT,SITE,EXIST,,,,
334,ELF,CAF\u00c9,CALF,FLEA,,,,
335,FEE,FREE,REEF,WERE,FEWER,,,
336,FIR,FILE,RILE,RIFLE,,,,
337,FIN,CHIN,INCH,FINCH,,,,
338,REF,FIRE,RIFE,FIXER,,,,
339,OLD,FOLD,FOOD,FOOL,FLOODD,,,
340,FOR,FOOL,ROOF,FLOOR,,,,
341,LOW,FLOW,FOWL,FLOWN,,,,
342,GUN,GULF,LUNG,FLUNG,,,,
343,MAY,FOAM,MAYO,FOAMY,,,,
344,OIL,COIL,FOIL,FOLIC,,,,
345,FOG,FROG,GOOF,ROOF,FORGO,,,
346,FUN,FUND,FONDU,FOUND,,,,
347,ARE,FARE,FARM,FEAR,,,,
348,REF,DEER,FEED,FREE,REEF,DEFER,,
349,ORC,CORK,FORK,ROCK,FROCK,,,
350,MAG,MAMA,GAMMA,MAGMA,,,,
351,LOG,GORY,ORGY,GLORY,,,,
352,LOG,LOSS,SLOG,GLOSS,,,,
353,REG,DEER,REED,GREED,,,,
354,OIN,RIG,RING.ORIGIN,,,,,
355,ADD,AWE,LAW,WED,WADDLE,,,
356,FIN,CHIN,INCH,FLINCH,,,,
357,IRE,PER,RIM,MIRE,RIPE,PRIME,PRIMER,
358,NO,ON,CON,MOON,COMMON,,,
359,LIE,EVIL,LIVE,SLEW,VIEW,VILE,WISE,SWIVEL
360,OUR,PRO,POOR,POUR,SOUP,POROUS,,
361,IN,IT,NINE,TENT,TINT,INTENT,,
362,IN,IT,NINE,TENT,TINT,INTENT,,
363,REC,CEDE,REED,CREDD,RECEDE,,,
364,SIR,BUSH,RUSH,BRUSH,HUBRIS,,,
365,CUT,DIN,NUT,TIC,TIN,UNIT,INDUCT,
366,BUS,SUE,USE,BASE,BEAU,BASQUE,,
367,RUN,URN,CORN,CONCUR,,,,
368,FILE,LICK,LIFE,LIKE,FLICK,FICKLE,,
369,SIT,TIN,GIST,SIGN,SING,TINY,STINGY,
370,ONE,NOSE,OPEN,POKE,POSE,SPOKE,SPOKEN,
371,AT,TO,BAT,BOT,TAB,BOAT,,
372,COVER,VOTER,COVERT,,,,,
373,OR,BOX,BORE,ROBE,BOXER,,,
374,LOB,BLOW,BOWL,BELOW,BOWEL,ELBOW,,
375,BE,ACE,CAB,ACHE,EACH,BEACH,,
376,ALLY,LAST,SALT,SLAY,STAY,TALL,LASTLY,
377,LET,LIE,TIE,LITE,TILE,,,
378,IN,MY,TIN,MINT,UNIT,UNITY,MUNITY,
379,LAY,LOT,AUTO,LAYOUT,OUTLAW,,,
380,SAD,LAND,SAND,NASAL,SALAD,SANDAL,,
381,OR,MORE,ROTE,TERM,TREMOR,,,
382,ACE,APE,CAP,PEA,CHEAP,APACHE,,
383,SET,SUE,JUST,SITE,SUIT,SUITE,JESUIT,
384,BOOM,BORE,MORE,ROBE,ROOM,BOOMER,,
385,KIT,NET,TEN,TENT,TINT,KITTEN,,
386,NOM,NOR,MOON,MOOR,NORM,ROOM,MORON,MORMON
387,WAN,WIN,GAIN,GNAW,WING,AWNING,WANING,
388,FORE,FORM,FROM,MORE,FORMER,REFORM,,
389,EAT,SEA,SET,TEA,LEAST,STALE,STEAL,
390,BUT,TUB,BELL,BULL,LUBE,LUTE,TELL,BULLET
391,AS,DO,SO,SAD,SOD,SODA,,
392,ICE,VIE,CITE,VICE,EVICT,,,
393,HOST,OUST,SHOT,SHUT,THUS,SHOUT,SOUTH,
394,GIN,MIX,NIX,MIXING,,,,
395,CHIN,GAIN,HANG,INCA,INCH,ACHING,,
396,LAP,PAL,POP,RAP,PLOP,PROP,POLAR,POPLAR
397,CAT,CAF\u00c9,FACE,FACT,FATE,FEAT,AFFECT,
398,HIS,HIT,ITS,RID,SIT,SIT,THIRDS,
399,ME,DAM,MAD,DAME,DAZE,MAZE,AMAZE,AMAZED
400,ORE,SET,TOE,FOREST,FOSTER,,,
401,CAN,MAN,MAIN,MANIA,MANIC,MANIAC,,
402,AT,ALL,FLY,ALLY,FALL,FLAT,TALL,FLATLY
403,HER,HIT,THE,TIE,WET,WITHER,WRITHE,
404,REV,EVER,SERVE,SEVER,VERSE,SEVERE,,
405,PUT,RIP,TIP,PITY,TRIP,PURITY,,
406,SET,TOE,VET,VEST,VETO,VOTE,STOVE,
407,GAIN,GAIT,MAIN,MINT,GIANT,MATING,,
408,DEW,SEE,SEW,WED,WEE,SWEDE,SKEWED,
409,IT,ME,RIM,CRIME,MERIT,TIMER,METRIC,
410,RUST,STIR,SUIT,CRUST,CITRUS,RUSTIC,,
411,DO,ME,DOE,MOM,MODEM,,,
412,EAT,ERA,SEA,BARE,BEAR,SABER,,
413,HOT,NOT,HORN,TORN,NORTH,THORN,,
414,HIS,HIT,SIT,DIRT,DISH,THIS,THIRDS,
415,AIL,ELF,FAN,FIN,LIE,ALIEN,FINAL,FINALE
416,CON,COO,COY,ONLY,COLON,COLONY,,
417,GAIN,GNAW,WING,AWNING,WANING,,,
418,THE,TIE,CHIC,CITE,ETCH,ITCH,ETHIC,HECTIC
419,CAT,SIT,CAST,TACT,ATTIC,TACIT,STATIC,
420,BUS,PUB,PURSE,SUPER,SUPERB,,,
421,NAG,WIG,WIN,GAIN,GNAW,WING,AWNING,WANING
422,HOT,TOO,HOST,MOOT,MOST,SHOT,SHOOT,SHOOTH
423,INTRO,MINT,MOON,MOOT,ONTO,MOTION,,
424,VAT,VAST,VISA,VISTA,,,,
425,LAB,ABLE,ACHE,EACH,BLEACH,,,
426,SOY,TOY,TRY,MOST,STORM,STORY,STORMY,
427,DO,UP,MID,POD,DUMP,PODIUM,,
428,GIN,NAG,GAIN,NAIL,ALIGN,AILING,,
429,ICY,CITY,TICK,TRICK,TRICKY,,,
430,CALL,CARE,REAL,CELLAR,RECALL,,,
431,BOT,BUT,DOT,DUB,DUO,BOUT,DOUBT,
432,ASH,SAD,DASH,HARD,RASH,SHARD,,
433,EGO,FOG,FOR,GET,ORE,TOR,FORGE,FORGET
434,AIM,CAN,INCA,MAIN,MANIA,MANIC,MANIAC,
435,EVER,RISE,SEER,VEER,REVISE,,,
436,NOT,OAR,RAT,TAN,TAR,TROJAN,,
437,ORE,CORE,ROSE,SORE,SCORE,SOCCER,,
438,BOAR,DRAB,ROAD,BOARD,BROAD,ABOARD,ABROAD,
439,JOY,COKE,JOCK,JOKE,YOKE,JOCKEY,,
440,EVER,REV,SEE,SERVE,SEVER,VERSE,SEVERE,
441,ITS,NUT,SUN,TIN,SUNLIT,,,
442,EAR,ERA,RED,DARE,DEAR,READ,,
443,LINE,LION,LOIN\n<p>LONE,NIEN,NONE,LINEN,ONLINE,
444,FOE,FOR,ORE,FORMER,REFORM,,,
445,EGO,FOE,FOG,FOR,REG,FORE,FORGE,
446,LANE,LATE,LEAN,TALE,LATENT,TALENT,,
447,RUST,STIR,SUIT,CITRUS\n<p>RUSTIC,,,,
448,ACT,CAT,ITS,SIC,SIT,ATTIC,TACIT,STATIC
449,CHUM,MUCH,MUNCH,,,,,
450,ORE,PER,PRO,SEE,PROSE,SPORE,SPREE,REPOSE
451,IF,IT,FIT,ITS,SIT,FIST,SIFT,
452,NUT,SIT,SUN,UNTIL.SUNLIT,,,,
453,EL,LIE,LIEM,SLIM,SLIME,SMILE,,
454,MOM,ORE,RYE,MORE,MEMORY,,,
455,HIT,GILT,HILT,LIGHT,BLIGHT,,,
456,BOAR,DRAB,ROAD,ABOARD,ABROAD,,,
457,OAR,RAY,SAY,SOY,OVARY,SAVOR\n<p>SAVORY,,
458,WIN,REIN,WINE,INNER,WINNER,,,
459,AT,LAY,LOT,AUTO,LAYOUT,OUTLAY,,
460,CAT,TACT,ATTIC,TACIT,TACTIC,,,
461,BORN,GRIN,IRON,RING,BORING,,,
462,EAT,NET,TAN,TEA,LATTE,LATENT,TALENT,
463,BIDE,BIRD,DIRE,RIDE,BRIDE,BIRDIE,,
464,GUY,RAG,RAY,SAY,SUGAR,SUGARY,,
465,ELF,ILL,LIE,FLIER,FRILL,RIFLE,FILLER,REFILL
466,CORE,ROSE,RUSE,SOUR,SURE,COURSE,SOURCE,
467,PER,PUB,UMP,BUMP,PERM,PURE,,
468,CALL,CELL,LACE,RACE,REAL,CALLER,CELLAR,RECALL
469,HOLY,HOWL,HOLLY,LOWLY,WHOLY,,,
470,SUE,USE,CURSE,ROUSE,SCORE,SCOUR,COURSE,SOURCE
471,APT,PAT,SAP,SPA,TAP,PASTE,,
472,HER,HEW,WEE,HERE,WHERE,,,
473,AS,BY,BAY,BUY,SUBWAY,,,
474,HOOP,HOOT,ONTO,PHOTON,,,,
475,EVE,REV,NERVE,NEVER,VENEER,,,
476,LAP,PAL,RAP,PLOP,PROP,POLAR,POPLAR,
477,DIP,DUO,MOP,MUD,POD,DUMP,PODIUM,
478,KIT,CITY,TICK,TRICK,TRICKY,,,
479,DASH,HEAD,SAVE,SHADE,SHAVE,SHAVED,,
480,EAR,ERA,LAD,OLD,ROD,LOADER,ORDEAL,RELOAD
481,NIGHT,THING,THINK,KNIGHT,,,,
482,IN,DIAL,LAND,NAIL,INLAND,,,
483,INLET,INSET,LISTEN,SILENT,,,,
484,PEER,PURE,TREE,ERUPT,PUREE,REPUTE,,
485,BUD,DUB,DUE,SUE,TUB,DEBUT,BUSTED,
486,CEDE,DEER,REED,CREED,,,,
487,FARE,FARM,FEAR,MARE,REAM,REAR,FARMER,FRAMER
488,BAR,BRA,OAR,ARBOR,HARBOR,,,
489,INN,GAIN,GNAW,WING,AWNING,WANING,,
490,SIC,SIR,RUST,STIR,SUIT,CITRUS,RUSTIC,
491,EAT,FAT,TEA,FATE,FEAT,,,
492,LIST,SILL,SILT,SLIT,TILL,STILL,,
493,EVE,REV,SEE,SERVE,SEVER,VERSE,,
494,SKY,SOY,STOCK,STOCKY,,,,
495,NUN,SUN,NOUN,SUNNI,UNION,UNISON,,
496,AGO,LOG,GOAL,GOON,LOAN,LOGO,LONG,LAGOON
497,ACT,CAT,SIC,SIT,ATTIC,TACIT,STATIC,
498,ARC,EAR,ERA,CALLER,CELLAR,RECALL,,
499,GET,HIT,THE,TIE,HIGH,EIGHTH,HEIGHT,
500,GRID,GRIN,RING,GRIND,RIDIG,RIDING,,
501,BED,BEE,BID,SEE,SIDE,BESIDE,,
502,ANT,ION,TAN,TIN,ANOINT,NATION,,
503,ABLE,BALE,FLEA,HALF,HEAL,LEAF,FABLE,BEHALF
504,SUE,SUM,USE,MUSE,SOME,MOSQUE,,
505,GEL,LOG,OLD,GLOVE,LODGE,LOVED,GLOVED,
506,NAG,GAIN,GNAW,WING,AWNING,WANING,,
507,OR,FOE,FOR,FORM,FORMER,REFORM,,
508,GRIN,REIN,RING,REIGN,GINGER,,,
509,SET,TEA,USE,ASTUTE,STATUE,,,
510,FELL,FILE,FILL,FIRE,LIFE,RILE,FILLER,REFILL
511,OR,SO,US,OUR,SOUR,,,
512,HINT,THIN,NIGHT,THING,,,,
513,RUB,SUB,BRUSH,SHRUB,,,,
514,MELT,MOLE,TOME,MOTLEY,,,,
515,TOO,TOT,ROOT,TORT,TROT,GROTTO,,
516,DIG,LEG,IDLE,GLIDE,GILDED,,,
517,NORM,ROAM,MANOR,ROMAN,NORMAN,,,
518,REP,SUE,SUP,PURSE,SUPER,SUPPER,,
519,LOAF,OVAL,FAVOR,FLORA,VALOR,FLAVOR,,
520,ELK,EYE,KEY,YEN,KEENLY,,,
521,GIST,SIGH,THIS,SIGHT,TIGHT,TIGHTS,,
522,ELM,LOSE,MORE,ROLE,ROSE,SOME,MORSEL,
523,FOE,FOR,FORM,MORE,FORMER,REFORM,,
524,CASE,LACE,SALE,SEAL,SCALE,,,
525,ELF,FIR,LIE,FLIER,FRILL,RIFLE,FILLER,REFILL
526,APE,NAP,HEAP,NAPE,PANE,HAPPEN,,
527,MOON,MOOR,ROAM,ROOM,MORON,ROMAN,MAROON,
528,BEE,HEW,WEB,WEE,BEER,BREW,WHERE,HEBREW
529,CAR,SCAR,SOAR,CRASS,CROSS,OSCAR,ACROSS,
530,DAME,DEAN,MEAN,MEND,NAME,DEMAND,MADDEN,
531,TO,BOT,LOB,LOT,BLOT,BOLT,,
532,ICE,NEW,WIN,WINE,WINCE,,,
533,ITS,LIP,PIT,SIP,SIT,TIP,SPLIT,
534,FIT,ICE,TIN,CITE,FINE,NICE,INFECT,
535,ITS,NUT,SUN,UNTIL,SUNLIT,,,
536,SHEEP,SHEER,SPREE,SPHERE,,,,
537,GAIN,GNAW,WING,AWNING,WANING,,,
538,HOT,LET,LOT,THE,HOTEL,,,
539,GUT,HOT,HUT,TUG,OUGHT,TOUGHT,THOUGH,
540,FIT,ITS,LET,SIT,FILET,ITSELF,STIFLE,
541,GIN,MIX,NIX,MIXING,,,,
542,ACNE,CANE,CONE,ONCE,CANOE,OCEAN,,
543,FIRM,FORM,FROM,INFO,IRON,NORM,INFORM,
544,LAB,LET,LATTE,TABLE,BATTLE,TABLET,,
545,LOT,SLY,SOY,TOY,LOST,MOST,SLOT,MOSTLY
546,LOB,OWL,WEB,WOE,BWLOW,BOWEL,BELLOW,
547,NUT,DUTY,TIDY,TINY,UNIT,UNITY,NUDITY,
548,AIL,SLAIN,SNAIL,,,,,
549,FALL,FLAW,FLOW,FOWL,LOAF,WALL,ALLOW,FALLOW
550,CORPS,PROSE,SCORE,CORPSE,,,,
551,EAR,HAT,TEA,THE,HEAT,,,
552,MOB,BOOM,MOOR,ROOM,BROOM,,,
553,SEA,HEAL,LASH,SALE,SEAL,LEASH,SHALE,
554,BOY,BUY,OFF,YOU,BUOY,BUYOFF,,
555,PLY,PULL,YELL,YELP,PULLEY,,,
556,FOE,FOR,ORE,FORMER,REFORM,,,
557,BOOM.BORE.ROBE,ROOM,BROOM,BOOMER,,,,
558,SIC,SIT,RUST,SUIT,CRUST,CITRUS,RUSTIC,
559,PLOR,PROP,POLAR,POPLAR,,,,
560,HIT,RID,DIRT,DISH,THIS,THIRDS,,
561,ACE,ARC,CAR,CALLER,CELLAR,RACALL,,
562,NOW,GOWN,GROW,WORN,GROWN,WRONG,,
563,CON,COO,COY,COOL,ONLY,COLON,COLONY,
564,INN,GAIN,GNAW,WING,AWNING,WANING,,
565,HIT,ICE,THE,TIC,TIE,ETHIC,HECTIC,
566,SONG,SORT,TORN,STRONG,,,,
567,SIT,SUN,TIN,UNTIL,SUNTIL,,,
568,RUT,TRY,RUST,SURLY,TRULY,SULTRY,,
569,EAT,HAT,TAD,TEA,THE,HEATED,,
570,SIR,SIT,RUST,STIR,SUIT,CRUST,CITRUS,RUSTIC
571,BAG,BAR,RAG,BRAG,GARB,GRAB,,
572,MAP,SMAP,SWAP,WASP,SWAMP,,,
573,ANT,TAN,TIN,TINT,TAINT,TITAN,,
574,FEND,FOND,NODE,OFFEND,,,,
575,BUS,HUB,HUE,SHE,SUB,SUE,USE,BUSHEL
576,ORE,BORE,ROBE,BROKE,BROKER,,,
577,OIN,OIL,LION,LONG,LOVING,,,
578,DIN,GRIN,RING,GRIND,RIGID,RIDING,,
579,CITE,NICE,TEEN,NIECE,ENTICE,,,
580,BAD,BAR,ROD,BOARD,BROAD,ABOARD,ABROAD,
581,NUT,SIT,TIN,UNTIL,SUNLIT,,,
582,HE,HERE,PEER,SPHERE,,,,
583,ADD,DEN,MAD,AMEND,NAMED,DEMAND,MADDEN,
584,AIR,LAIR,LIAR,RAIL,VIAL,RIVAL,VIRAL,
585,RUT,SIC,RUST,STIR,SUIT,CRUST,CITRUS,RUSTIC
586,EVE,EVEN,EVER,VEER,NERVE,,,
587,LATE,LEAN,NEAT,LATENT,TALENT,,,
588,CAN,GIN,CHIN,INCH,CHAIN,CHINA,ACHING,
589,RATE,TEAR,ALERT,ALTER,LATER,,,
590,AGE,EGG,RED,GRADE,DAGGER,RAGGED,,
591,OH,HOW,MOW,WHO,WHOM,,,
592,AIR,ART,RAT,RATIO,,,,
593,FEE,FEW,FREE,REEF,FEWER,,,
594,SET,TEA,USE,ASTUTE,STATUE,,,
595,BAR,BOAR,ROAR,ARBOR,HARBOR,,,
596,FIT,HIT,SET,SHE,TIE,SHIFT,THIEF,FETISH
597,HER,SEE,SHE,HERE,PEER,SPHERE,,
598,BIG,GILT,HILT,LIGHT,BLIGHT,,,
599,CAR,SCAR,SOAR\n<p>CRASS,CROSS,OSCAR,ACROS,,
600,LET,RUT,SET,SUE,LUSTER,RESULT,,
601,ACE,CAN,ICE,MANIC,MINCE,CINEMA,,
602,FORE,FORT,FRET,ROTE,OFFER,EFFORT,,
603,ASH,HASH,RASH,HARSH,,,,
604,ONE,LONE,LORE,ROLE,ROLL,ENROLL,,
605,EAT,SET,SUE,TEA,USE,ASTUTE,STATUE,
606,AGO,MAN,AMONG,MANGO,,,,
607,MOO,ORE,EMMY,MEMORY,,,,
608,CALL,COAL,COLA,CAROL,CORAL,LOCAL,COLLAR,
609,FOR,OVER,ROVER,FERVOR,,,,
610,PART,PLOT,RAPT,TARP,TRAP,POLAR,PATROL,PORTAL
611,LOW,OWL,FLOW,FOWL,WOLF,,,
612,HEM,THE,METH,THEM,,,,
613,DEV,DIE,DIVE,IDLE,VEIL,,,
614,COP,CUE,CUP,COPE,COUP,COUPE,,
615,DAY,KEY,PAD,PEA,PEAK,KEYPAAD,,
616,NUT,TEN,TIE,UNITE,UNTIE,MINUTE,,
617,GAIN,GNAW,WING,AWNING,WANING,,,
618,HOT,TOO,SHOOT,SMOOTH,,,,
619,TOY,TRY,MOST,ROSY,STORM,STORY,STORMY,
620,DUD,DUE,DUDE,BUDDED,,,,
621,EAST,SEAT,TEST,STATE,TASTE,ASTUTE,STATUE,
622,BOW,LOB,LOW,NOW,OWL,OWN,BLOWN,
623,DIM,DIP,MID,MOP,DUMP,PODIUM,,
624,ALL,CAR,CLEAR,CALLER,CELLAR,RECALL,,
625,NET,NOT,ONE,TEN,TOE,TON,NOTE,TONE
626,FOE,NET,SET,TEN,OFTEN,ONSET,SOFTEN,
627,HURT,RUSH,RUST,SHUT,TRUST,TRUTH,THRUST,
628,HER,PER,REP,SEE,SHE,SPHERE,,
629,ACE,ACED,CEDE,ACCEDE,,,,
630,CAM,AMEN,CANE,MANE,,,,
631,FIR,ARIA,RIFT,AFFAIR,,,,
632,AGE,RAGE\n<p>RARE,REAR,URGE,ARGUE,,,
633,SAT,EAST,SEAT,STAT,TEST,STATE,,
634,AXE,AMEN,MANE,MEAN,NAME,AXEMEN,,
635,MOB,BOMB,BOOM,BAMBOO,,,,
636,EBB,BARE,BEAR,RARE,REAR,BARBER,,
637,CON,BONE,COKE,BECKON,,,,
638,BAD,BADE,BEAD,HEED,BEHEAD,,,
639,DEN,BEEN,BEND,BENDED,,,,
640,ACE,ACHE,BALE,EACH,BELCH,,,
641,RUB,RUBY,RULY,BURLY,,,,
642,MOB,BOOM,DEMO,DOOM,BOOMED,,,
643,ORE,BORE,MORE,OBOE,ROBE,BROOM,BOOMER,
644,HER,BEER,HERE,CHEER,BREECH,,,
645,RIB,BEER,BRIE,BRIBE,BRIBEE,,,
646,EBB,BLUE,BULB,LUBE,BUBBLEE,,,
647,RUB,BURN,RERUN,BURNER,,,,
648,TUB,BUTT,TUBE,TUBER,UTTER,BUTTER,,
649,DAD,ACID,AIDE,ICED,,,,
650,ALE,CLAN,LANE,CANCEL,,,,
651,DEN,ACNE,CANE,CANNED,,,,
652,CAN,INCA,NICE,NINE,,,,
653,ALA,COLA,LOAN,CANAL,CANOLA,,,
654,LAP,CALF,CLAP,FLAP,,,,
655,LAY,ACHY,CLAY,LACK,LACY,CHALK,CHALKY,
656,ACE,ACHE,ACNE,EACH,CACHE,CHANCE,,
657,DEW,CEDE,CHEW,HEED,CHEWED,,,
658,ORC,COOL,CORE,ROLE,,,,
659,ICY,HILL,LILY,CHILL,HILLY,CHILLY,,
660,ICY,CHIP,HIPPY,CHIPPY,,,,
661,HOE,CHIC,ECHO,CHOICE,,,,
662,OAR,CHAR,COLA,HALO,ORAL,ROACH,CHORAL,
663,CON,COIN,ICON,KING,OINK,,,
664,ETC,CELL,COLT,CELLO,,,,
665,ILL,CHILI,CHILL,CHILLI,,,,
666,ORE,COKE,CORE,ROCK,,,,
667,SOY,COLT,CYST,SCOT,COSTLY,,,
668,OUR,HOUR,OCCUR,CROUCH,,,,
669,REC,CURD,DUDE,CURDED,,,,
670,TEN,CEDE,DENT,TEND,DECENT,,,
671,REC,CEDE,DEER,REED,DECREE,,,
672,DUE,DEED,DUDE,DEUCE,EDUCE,DEDUCE,,
673,RID,DIRE,REED,RIDE,DRIED,DERIDE,,
674,VID,SEED,SIDE,DEVISE,,,,
675,LID,SEED,SLID,DIESEL,,,,
676,REF,DIRE,FIRE,RIDE,RIFE,DIFFER,,
677,NOD.MIND,MOOD,DOMINO,,,,,
678,ODE,DEMO,DOME,DOOMED,,,,
679,RAG,DRAG,GRAD,GRAY,,,,
680,PRY,DROP,ODOR,POOR,PYRO,DROOP,,
681,DRY,ROSY,WORD,ROWDY,DROWSY,,,
682,PUT,DUST,SPUD,STUD,DUSTUP,,,
683,ORC,ECHO,HERE,HERO,CHEER,OCHER,ECHOER,
684,TEE,SLED,SLEET,ELDEST,,,,
685,PIE,REP,RIP,MIRE,PIER,PRIME,,
686,BEE,ABLE,BEAN,LANE,LEAN,ENABLE,,
687,SEE,CASE,SANE,SCAN,SEEN,SCENE,,
688,USE,RUSE,NURSE,REUSE,,,,
689,TIE,TENT,TINY,ENTITY,,,,
690,ODE,REED,ODDER,ERODED,,,,
691,NET,EXED,NEED,TEND,EXTEND,,,
692,TOT,ROTE,TROT,TOTER,,,,
693,ALL,FLEA,LEAN,FELLA,,,,
694,LOW,FALL,FOWL,LOAF,WALL,WOLF,ALLOW,FALLOW
695,SUM,FOAM,SOFA,SUMO,FAMOUS,,,
696,REF,FEED,FREE,REED,REEF,DEFER,FREED,
697,END,CEDE,FEED,FEND,NEED,FENCED,,
698,ICE,CANE,FACE,NICE,,,,
699,ICE,FILE,LIFE,FLECK,,,,
700,LED,FILE,FLED,IDLE,LIFE,FIELD,FILED,
701,OAR,AFRO,OVAL,FAVOR,FLORA,VALOR,FLAVOR,
702,FIN,CHIN,INCH,FINCH,FLINCH,,,
703,ELF,LET,FELT,LEFT,,,,
704,ARC,ORC,CORD,ROAD,ACCORD,,,
705,ACE,SEC,CASE,SAUCE,ACCUSE,,,
706,CAN,NAG,GAIN,HANG,INCA,CHAIN,CHINA,
707,ACT,DID,ACID,ADDICT,,,,
708,ADO,NOD,UNDO,ADNOUN,,,,
709,FAN,FIN,FINE,AFFINE,,,,
710,FAN,NAG,FANG,HANG,AFGHAN,,,
711,ALF,ELF,FLEA,LAME,LEAF,MALE,MEAL,FLAME
712,AIL,AIM,ALUM,FAIL,FILM,MAIL,AIMFUL,
713,AIR,ARE,RARE,AIRIER,,,,
714,AIR,WAR,ARIA,AWAY,AWRY,WARY,,
715,ALL,GEL,LEGAL,ALLEGE,,,,
716,BOA,MOB,BEAM,AMOEBA,,,,
717,AND,END,DEAN,ANDEAN,,,,
718,ALA,NUN,ANNAL,ANNUAL,,,,
719,LAP,PAP,APPAL,PAPAL,,,,
720,DUO,RAD,ROAR,ARDOUR,,,,
721,EAR,USE,SURE,USER,,,,
722,ASH,SAT,MASH,MAST,SHAT,ASTHMA,,
723,ACT,CAT,TACK,TACT,ATTACK,,,
724,OAR,OUR,AURA,ROAR,AURORA,,,
725,DEW,WED,AWED,WADE,WEAK,AWAKED,,
726,AWN,NEW,WANE,WEAK,,,,
727,MAN,MAX,AMEN,EXAM,MANE,MEAN,ENEMA,
728,ALA,ALE,ZEAL,AZALEA,,,,
729,ALE,EBB,ABLE,BALE,BABBLE,,,
730,CAB,DAB,BADE,BACKED,,,,
731,ELF,LAB,ABLE,BALE,LEAF,FABLE,,
732,LAB,LAY,ALLY,BALL,SLAB,,,
733,ASH,SIN,BASH,BIAS,SHIN,BASIN,BANISH,
734,BAR,BRA,ARAB,BAZAAR,,,,
735,COB,NOB,BONE,CONE,NECK,ONCE,,
736,BEE,MOB,COME,BECOME,,,,
737,BED,BEE,DEED,BEDDED,,,,
738,BED,BEG,EDGE,BEGGED,,,,
739,DEN,HID,BIND,DINE,,,,
740,FOE,HOE,HOBO,HOOF,OBOE,BEHOOF,,
741,EEL,ELF,LIFE,BELIEF,,,,
742,BED,END,BRED,DEER,BREED,,,
743,BEE,TEE,BEET,TREE,BERET,BETTER,,
744,BED,DIE,BEND,BIND,BIDDEN,,,
745,PSI,SIP,SHIP,SHOP,,,,
746,AIM,BAT,MAP,TAB,BAIT,PITA,BITMAP,
747,BET,TIE,BITE,BRIE,,,,
748,COB,COY,LOCK,YOLK,BLOCKY,,,
749,BUS,USE,LUBE,SOUL,BLOUSE,,,
750,LOB,LOW,BLOB,BLOW,BLOWY,WOBBLY,,
751,HUB,SUB,LUSH,BLUSH,BLUISH,,,
752,BUY,RUB,BLUR,BURY,RUBY,RULY,BLURRY,
753,BOY,OLD,BOLD,BOLDLY,,,,
754,FIN,FORM,INFO,IRON,NORM,MINOR,INFORM,
755,LET,SEE,SET,TEE,ELECT,SLEET,STEEL,SELECT
756,NIP,PIN,SIP,SNIP,SPIN,,,
757,ERA,SAW,SEA,SEAR,WEAR,SWEAR,WARSE,
758,GUT,HOT,TUG,OUGHT,TOUGH,,,
759,CLUE,COPE,COUP,LOPE,POLE,COUPLE,,
760,CAR,RIG,CIGAR,GRAIN,CARING,RACING,,
761,DYE,END,EYE,YEN,CEDE,DENY,NEED,DECENY
762,GIG,ION,GONG,JOIN,GOING,JOGGING,,
763,GRID,GRIN,RIND,RING,GRIND,DRIVING,,
764,COT,LET,LOT,TOE,TELL,COLLECT,,
765,NOW,NUN,OWN,WOK,KNOW,NOUN,KNOWN,UNKNOWN
766,CEDE,CURD,CURE,CREED,CRUDE,REDUCED,,
767,SLY,YES,LOSE,SELL,LOOSE,SOLELY,LOOSELY,
768,AIM,GIG,GIN,MAN,NAG,IMAGING,,
769,COY,SLY,SOY,YES,CELLO,CLOSE,CLOSELY,
770,DIRE,DIVE,RIDE,DIVIDE,DIVIDER,,,
771,MOP,PIE,POEM,SOME,IMPOSE,,,
772,DIG,DIN,GIN,LID,SLING,SIDING,SLIDING,
773,LUSH,PUSH,SHIP,BLUSH,BLUISH,PUBLISH,,
774,SON,TOO,TOP,SNOOP,SPOON,STOOP,NONSTOP,
775,FLU,CALF,FACT,FLAT,FATAL,FAULT,ACTUAL,FACTUAL
776,NET,TEN,TOE,NOTE,TONE,,,
777,HIT,RIG,GRIT,GIRTH,RIGHT,,,
778,ELM,ONE,LONE,MOLE,OMEN,LEMON,MELON,
779,GIN,SIGN,SING,SNUG,SINUS,ISSUING,,
780,FEE,FUR,RUG,FREE,REFUSE,REFUGEE,,
781,FIG,GIN,FILM,MINI,FLING,FILING,FILMING,
782,INN,JOIN,NEON,NINE,NONE,ENJOIN,,
783,ELF,HIS,LIE,SHE,FLESH,SHELF,SELFISH,
784,FOOT,FORM,FROM,ROOF,ROOM,ROOT,MOTOR,COMFORT
785,MOM,NOR,MOON,MOOR,NORM,ROOM,MORON,MORMON
786,COY,CRY,YOU,ROSY,YOUR,SCURRY,CURSORY,
787,DUEL,FEUD,FUME,MELD,DUFFEL,MUFFLE,MUFFLED,
788,CUT,ORE,SET,SCORE,CORSET,ESCORT,SECTOR,
789,AIR,RAP,PAIR,PAPA,PARK,PAPRIKA,,
790,ICE,LIE,SEE,SIC,LENS,LINE,LICENSE,SILENCE
791,HEN,LIE,SHE,SINGLE,SLEIGH,ENGLISH,SHINGLE,
792,ME,DAM,MAD,DAME,DAZE,MAZE,AMAZE,AMAZED
793,BYE,RUB,BURY,RUBY,BERRY,BUYER,RUBBERY,
794,LOT,OUT,TOO,LOOK,LOOT,TOOL,LOOKOUT,OUTLOOK
795,LENS,SHIN,SING,HINGE,SHINE,SLING,ENGLISH,SHINGLE
796,AFT,ART,FAR,FAT,RAT,TAR,FRAT,RAFT
797,GAL,LOG,GOAL,LOAN,LONG,ALONG,ANGLO,
798,SLY,YES,LOSE,SELL,SOLD,LOOSE,SOLELY,LOOSELY
799,CELL,COOL,CELLO,CLONE,COLON,COLONEL,,
800,DROP,POOR,POUR,PROD,ROOT,ROUT,TOUR,DROPOUT
801,AUNT,AUTO,COAT,COIN,INTO,ACTION,AUCTION,
802,DOE,EVE,LED,OLD,DELVE,LOVED,DEVOLVE,
803,DOIT,DUST,SITU,SUIT,STUDIO,,,
804,GEM,IRE,RIG,RIM,GRIME,MERGE,REGIME,
805,STIR,SUIT,CRUST,CITRUS,RUSTIC,,,
806,GAIN,VAIN,CIGAR,GRAIN,CARVING,,,
807,ROTE,TORE,TREE,WORE,RETRO,TOWER,WROTE,REWROTE
808,GENT,GONE,NOTE,TENT,TONE,TOTE,GOTTEN,
809,PER,SEE,PEER,SEEP,HESPER,SPHERE,,
810,STARE,STATE,ARREST,STARTER,,,,
811,CON,COY,NOR,CORNY,CRONY,,,
812,FIRM,GAIN,GRIM,MAIN,GRAIN,FARMING,FRAMING,
813,FINE,FIRE,REIN,RING,FRINGE,,,
814,ELF,FIR,ILL,IRE,LIE,RIFLE,FILLER,
815,RIEF,TIER,FRIGHT,FIGHTER,FREIGHT,,,
816,REIN,RISE,RESIN,RINSE,RISEN,SIREN,,
817,CAPE,EACH,HEAP,CHEAP,PEACH,,,
818,CUE,SEE,SUE,USE,CURSE,RESCUE,SECURE,
819,MEAN,MEND,MENU,NAME,NUDE,UNNAMED,,
820,INEPT,PAINT,PRINT,RIPEN,PERTAIN,,,
821,OPEN,PEER,PORE,ROPE,OPENER,,,
822,WORE,TOWER,WROTE,,,,,
823,CASE,DEAR,CADRE,CEDAR,SCARE,SACRED,SCARED,
824,INSET,STING,STINT,SETTING,,,,
825,ORE,ROT,TOE,VET,OVERT,VECTOR,,
826,CATER,CRATE,CRATER,CREATE,TRACER,CATERER,TERRACE,
827,BLED,DEAL,LEAD,LOBE,DOABLE,,,
828,LEAST,SLATE,STALE,STEAL,,,,
829,SIGH,HINGE,SHINE,SLING,SINGLE,SHINGLE,,
830,ATE,TEA,THE,DATE,HEAD,HEAT,HATED,
831,HER,SEE,SHEEP,SHEER,SPREE,SPHERE,,
832,AUNT,AUTO,COAT,INTO,COUNT,TONIC,TUNIC,AUCTION
833,DOWN,NOUN,UNDO,UNWOUND,,,,
834,ENTIRE,TENURE,UTERINE,,,,,
835,PURE,SEEM,SPUR,SURE,USER,PERUSE,RESUME,SUPREME
836,ATE,BAT,BET,TEA,BASTE,BEAST,,
837,BLEW,BLOW,BOWL,LOBE,BELOW,BOWEL,ELBOW,
838,LENS,LENT,LIST,SENT,SLIT,ENLIST,LISTEN,SILENT
839,ATTIC,CLEAT,TACIT,TITLE,LATTICE,TACTILE,,
840,DOE,LAD,OLD,RED,ADORE,LOADER,ORDEAL,RELOAD
841,EURO,OVEN,OVER,ROVE,OVERRUN,,,
842,ALIEN,LATIN,ENTAIL,LATINO,ELATION,,,
843,AYE,LAY,REAL,YEAR,LAYER,LEARY,RELAY,
844,FIRE,GIFT,HIRE,RIFE,RITE,FRIGHT,FIGHTER,FREIGHT
845,DIE,IRE,RED,RID,TIE,TRIED,,
846,EASTER,RESENT,SENATE,EARNEST,,,,
847,EATER,HEART,THERE,HEATER,REHEAT,,,
848,BILE,EVIL,LIVE,VEIL,VIBE,VILE,BELIEVE,
849,FAIL,FAIR,LAIR,LIAR,RAIL,FLAIR,FRAIL,
850,CATER\n<p>RACER,REACT,RETRO,CRATER,CREATOR,,,
851,PET,SET,LEPT,PELT,STEP,SLEPT,SPELT,
852,LINE,SING,HINGE,SHINE,SHINGLE,SLEIGH,ENGLISH,SHINGLE
853,PALE,SLAP,EASEL,LAPSE,LEASE,SLEEP,ASLEEP,
854,RATER,TRADE,TREAD,TRADER,,,,
855,ALERT,ALTER,CLEAR,CLEAT,LATER,REACT,TRAIL,ARTICLE
856,ATE,MET,TEA,MATE,MEAT,TAME,TEAM,
857,IRE,SIR,RISEN,,,,,
858,DATE,TAPE,TAPED,,,,,
859,CORE,ROSE,SORE,SCORE,,,,
860,BERET,EATER,BEATER,BERATE,REBATE,,,
861,CELL,CLOG,GLEE,COLLEGE,,,,
862,CUE,REC,CLUE,CURE,LURE,RULE,CRUEL,ULCER
863,DAMN,DEAD,MEAN,NAME,AMEND,DAMNED,DEMAND,MADDEN
864,OVER,ROTE,VOTE,OVERT,TROVE,VOTER,,
865,AND,END,DANE,DANK,DEAN,KANE,KNEAD,NAKED
866,EMIT,ITEM,MITE,TIME,,,,
867,CARE,RATE,CAREER,CRATER,CREATE,TERRACE,,
868,CIDER,RESIN,SINCE,SIREN,CINDER,RINSED,DISCERN,
869,EVER,RICE,VEER,VICE,RECEIVE,,,
870,CLUE,CULT,CUTE,RULE,CRUEL,TRUCE,ULCER,CULTURE
871,EOUR,ROTE,ROUT,TORE,TOUR,OUTER,,
872,LATE,RATE,REAL,TALE,TEAR,ALTER,LATER,
873,DINE,DIRE,NERD,REIN,RIDE,RIND,RIDDEN,
874,MANE,MATE,MEAN,MEGA,MANAGE,MAGNATE,,
875,ARMED,DREAM,MEDIA,ADMIRE,RAIDER,MARRIED,,
876,PART,RAPT,TARP,TRAP,,,,
877,HER,THE,HERE,TREE,ETHER,THERE,THREE,
878,INTO,ONTO,POINT,OPTION,,,,
879,DOVE,LOVE,VOLE,DELVE,LOVED,DEVOLVE,,
880,FERN,FORE,ZERO,ZONE,FROZEN,,,
881,INERT,THEIR,EITHER,ENTIRE,HEREIN,NEITHER,,
882,LINE,SIGH,SIGN,SHINE,ENGLISH,SHINGLE,,
883,INSET,SCENT,SINCE,INSECT,,,,
884,DARN,DART,RANT,SAND,STAR,STRAND,,
885,GHOST,OUGHT,SHOUT,SOUTH,STUNG,TOUGH,GUNSHOOT,SHOTGUN
886,EAST,SAKE,TASK,SKATE,STAKE,STEAK,,
887,BAD,BED,LAB,LAD,LED,LOB,OLD,DOABLE
888,ATTIC,CLEAT,LATTE,TACIT,TITLE,TACTILE,,
889,BARE,REAL,YEAR,RELAY,BARELY,BARLEY,,
890,LITE,PILE,PLOT,POET,POLE,TILE,TOIL,POLITE
891,TIER,TREE,TUNE,ENTIRE,TENURE,REUNITE,UTERINE,
892,DATE,HATE,HEAD,HEAT,DEATH,HATED,,
893,GRIM,GRIN,IRON,NORM,RING,MORNING,,
894,FERN,REIN,GRIEF,INFER,REIGN,FINGER,FRINGE,
895,EATER,REACT,TRACE,CAREER,CREATE,TERRACE,,
896,SET,SEW,WET,REST,STEW,WEST,STREW,WREST
897,BIT,BUT,LIT,TUB,BUILT,,,
898,HOIST,SHIRT,SHORT,STORY,HISTORY,,,
899,CART,COAT,ROAR,RORT,CARROT,,,
900,CORE,COVE,OVER,ROVE,COVER,,,
901,NOW,OWN,WON,GOWN,GROW,WORN,WRONG,
902,PROM,RAMP,ROAM,ROAR,PROGRAM,,,
903,ARMED,MEDIA,ADMIRE,ADMIRER,MARRIED,,,
904,FOOT,FORT,FROG,GOOF,ROOF,ROOT,FORGOT,
905,HINT,INTO,THIN,NIGHT,NINTH,THING,THONG,NOTHING
906,ORE,ROT,TOE,VET,OVERT,TROVE,VOTER,
907,OUR,RUT,TORT,TOUR,TROT,TROUT,TUTOR,
908,AUTO,COAT,COUNT,TONIC,TUNIC,CAUTION,,
909,MAKE,MARK,REAR,MARKER,REMARK,,,
910,COOL,ONTO,TOOL,COLON,COLOR,CROON,CONTROL,
911,PEE,PER,SEE,SUE,SUM,USE,PRESUME,
912,ARAB,BOAR,ROAD,BOARD,BROAD,ABOARD,ABROAD,
913,ILK,ILL,SKI,KILL,SILK,SILL,SKILL,
914,BARE\n<p>BRAT,RATE,EATER,BEATER,BERATE,REBATE,,
915,ALERT,ALTER,CLEAR,LATER,RELIC,TRAIL,ARTICLE,RECITAL
916,ATE,BAT\n<p>BET,EAT,TEA,ABET,BEAT,BETA,
917,HOT,SET,SHE,THE,ETHOS,THOSE,,
918,EACH,HATE,HEAT,CHEAT,TEACH,,,
919,CITE,CITY,COST,SECT,SITE,SOCIETY,,
920,EAST,RARE,REST,SEAT,STAR,TART,ARREST,RESTART
921,EVE,LED,DOVE,LOVE,LOVED,EVOLVE,DEVOLVE,
922,CORE,EURO,ROSE,SORE,SURE,COURSE,,
923,BED,MOB,RED,ROB,BORED,RODEO,BEDROOM,
924,ATTIC,CLEAT,LATTE,TACIT,TITLE,LATTICE,,
925,GONE,GRIN,IRON,RING,REIGN,REGION,,
926,RARE,RATE,TREE,CAREER,CRATER,CREATE,TERRACE,
927,DIET,STUD,SUIT,TIDE,DOUSE,SUITE,OUTSIDE,
928,COT,ROT,TOE,STORE,CORSET,ESCORT,SECTOR,
929,FEED,FEND,NEED,SEED,SEEN,SEND,DEFENSE,
930,GAIN,RAIN,RING,VAIN,CARVING,CRAVING,,
931,ARMED,DREAM,ADMIRE,RAIDER,ADMIRER,MARRIED,,
932,ROT,SET,REST,SORT,TORE,STORE,RESORT,ROSTER
933,BILL,BOIL,LION,LOIN,BILLION,,,
934,RENT,TIER,UNIT,ENTIRE,REUNITE,UTERINE,,
935,INSET,STING,STINT,TINGE,SETTING,TESTING,,
936,APT,ART,PAT,RAP,RAT,TAP,PART,RAPT
937,NEST,NOSE,NOTE,SENT,TONE,ONSET,STONE,
938,FAIL,FALL,FILL,LAIN,FINALLY,,,
939,DALAY,EARLY,LAYER,READY,RELAY,ALREADY,,
940,AMEN,GAME,MEAT,NAEM,NEAT,TAME,TEAM,MAGENTA
941,FIRE,GIFT,RIFE,TIER,FRIGHT,FREIGHT,,
942,CURE,CUTE,RENT,TERN,TUNE,TURN,CENTURY,
943,FAIR,FIRM,GARIN,MARGIN,FARMING,,,
944,GEM,GRIM,GRIME,MERGE,REGIME,,,
945,MAIN,RAIN,MANIA,AIRMAN,MARINA,,,
946,LIAR,RAIL,REAL,REEL,ZEAL,REALIZE,,
947,HOIST,SHIRT,SHORT,STORY,HISTORY,,,
948,FAIL,FILM,MAIL,FAMILY,,,,
949,SEE,SUE,CURE,SURE,RESCUE,SECURE,,
950,AMEND,NAMED,MANNED,UNNAMED,,,,
951,DIE,RED,RID,TIE,TIRED,TRIED,,
952,LITE,TELL,TILE,TILL,TILT,LITTLE,,
953,GONE,GRIN,IRON,RING,REIGN,REGION,,
954,HER,REP,SEE,SHE,HERE,PEER,SHEER,SPHERE
955,CEREAL,CRADLE,DEALER,LEADER,DECLARE,,,
956,ASH,EAR,ERA,HER,SEA,SHE,SHARE,SHEAR
957,ARCH,CHAR,HAIR,RICH,CHAIR,,,
958,BUM,EBB,BLUE,BULB,LUBE,BUMBLE,,
959,NICE,RISE,SEND,SIDE,DISCERN,,,
960,HOVER,WHERE,HOWEVER,WHOEVER,,,,
961,BURN,MENU,NUMB,NUMBER,,,,
962,NOR,SON,SOAR,ARSON,SONAR,,,
963,REAL,YEAR,BLARE,EARLY,LAYER,RELAY,BARELY,BARLEY
964,IMPEL,SLIME,SMILE,SIMPLE,,,,
965,LED,OLD,RED,ROD,ADORE,RELOAD,,
966,CELL,CLOG,GLEE,COLLEGE,,,,
967,BEAR,BEAT,BRAT,TEAR,TREE,BERATE,REBATE,
968,BLOW,BOWL,BELOW,BOWELL,ELBOW,,,
969,BAND,BUSH,DASH,HAND,SAND,HUSBAND,,
970,ATE,EAT,PAT,PEA,TAP,TEA,ADEPT,
971,COT,SET,CREST,SCORE,STORE,SECTOR,,
972,NEST,TINT,INSET,STING,STINT,SETTING,,
973,EATING,ENTAIL,TANGLE,GENITAL,,,,
974,HOT,HUM,HUT,OUT,MOUTH,,,
975,DEFER,ELDER,FERAL,FLARE,DEALER,FEARED,LEADER,FEDERAL
976,PEN,PIN,SIP,SNIPE,SPINE,,,
977,SIR,REIN,RISE,RINSE,RISEN,SIREN,,
978,LINE,LIST,LITE,NEST,SENT,ENLIST,LISTEN,SILENT
979,COME,CONE,MOON,OMEN,ONCE,ECONOMY,,
980,FLOW,FOOL,FOWL,WOLF,WOOL,FOLLOW,,
981,LOSE,SELL,SOLE,SOLELY,LOOSSELY,,,
982,SERVE,SEVER,SIEVER,VERSE,SERVICE,,,
983,CARE,RACE,CATER,CRATE,REACT,TRACE,,
984,CITE,CITY,COST,SITE,SOCIETY,,,
985,LAMP,LEAP.MALE,MEAL,PALE,AMPLE,,,
986,LEARNT,PARENT,RENTAL,PLANTER,,,,
987,COVER,COVET,OVERT,TROVE,VOTER,COVERT,VECTOR,
988,SIGN,SING,SHINE,SINGLE,SLEIGH,ENGLISH,,
989,LANE,LEAN,LOAN,LONE,ALONE,,,
990,MANOR,MAYOR,MONEY,ROMAN,YEARN,ANYMORE,,
991,ORE,VET,OVERT,TROVE,VOTER,,,
992,MAIL,RAIL,SAIL,SLAM,SLIM,SIMILAR,,
993,LATE,REAL,ALERT,ALTER,LATER,TREAT,RATTLE,
994,ARM,BAR,EAR,LAB,MAR,RAM,RAMBLE,
995,ALONE,INLET,LATIN,TONAL,ELATION,,,
996,ATE,EAT,MET,MATE,MEAT,TAME,TEAM,
997,REST,STEM,TERM,TERMS,,,,
998,ATE,AXE,EAT,LET,LATE,TALE,EXALT,
999,BASE,BEAT,BEST,BETA,SEAT,STAB,BASTE,
1000,MAKER,TAKER,MARKET,,,,,
1001,CLIP,COIL,POEM,COMPEL,POLICE,COMPLICE,,
1002,BEEF,BEET,BENT,BITE,FINE,TEEN,BENEFIT,
1003,CORE,COST,ROSE,SORE,STORE,CORSET,ESCORT,SECTOR
1004,GAS,RAG,RUG,SAG,SUGAR,,,
1005,HALT,HATE,HEAL,HEAT,LATE,TALE,HEALTH,
1006,AMEN,MANE,MEAN,NAME,,,,
1007,HINT,INTO,NIGHT,THING,THING,TIGHT,TONIGHT,
1008,CAMEL,CREAM,REALM,MALICE,MIRACLE,,,
1009,BORED,BROOD,BROOM,RODEO,BEDROOM,,,
1010,EVEN,GENE,GIVE,NINE,VEIN,VINE,EVENING,
1011,AND,DON,NOD,NOR,RAN,ROD,ROAD,ADORN
1012,THE,HOSE,HOST,SHOE,SHOT,ETHOS,THOSE,
1013,CURSE,SCORE,SCOUR,SOURCE,,,,
1014,DOSE,DUST,SIDE,STUD,STUDIO,OUTSIDE,,
1015,TUNA,COUNT,TONIC,TUNIC,AUCTION,CAUTION,,
1016,ANY,MAN,MAY,NAY,YAM,MANY,,
1017,HER,THE,HERE,TREE,ETHER,THERE,THREE,
1018,GET,HIT,THE,HIGH,EIGHT,HEIGHT,,
1019,DOVE,LOVE,VOLE,DELVE,LOVED,EVOLVED,,
1020,DATE,DEAR,RATE,READ,RATER,TRADE,TREAD,TRADER
1021,REACT,TRACE,CARROT,CRATER,TRACER,REACTOR,,
1022,FORM,FROM,MORE,POEM,PERFORM,,,
1023,LET,SET,TEN,INLET,ENLIST,,,
1024,MAIL,MAIN,NAIL,ANIMAL,,,,
1025,CLAIM,MUSIC,MUSICAL,,,,,
1026,TORE,VETO,VOTE,VOTER,,,,
1027,ITS,LIT,SIT,UNTIL,SUNLIT,,,
1028,FOR,SEC,CORE,FORE,ROSE,SORE,CORSE,FRESCO
1029,FAME,FARM,REAR,FRAME,FARMER,FRAMER,,
1030,DARE,DEAD,DEAR,READ,SEAR,ADDRESS,,
1031,COIL,COME,POLE,COMPEL,POLIOCE,COMPILE,,
1032,GIST,SIGHT,THIS,SIGHT,,,,
1033,ANGST,SAINT,STING,EATING,SEATING,,,
1034,STAR,STIR,TART,STAIR,START,TRAIT,ARTIST,
1035,REAR,TREE,CAREER,CRATER,CREATE,RETRACE,TERRACE,
1036,CHIN,INCA,INCH,CHAIN,,,,
1037,LATE,RATE,REAL,TEAR,ALERT,ALTER,LATER,
1038,LENS,SIGN,HINGE,SINGLE,ENGLISH,,,
1039,EASEL,LAPSE,LEASE,SLEEP,PLEASE,,,
1040,COD,DOC,DUO,OLD,CLOUD,,,
1041,MINI,MISS,MOSS,MISSION,,,,
1042,CITE,NICE,ZING,CITIZEN,,,,
1043,ARMED,MEDIA,ADMIRE,ADMIRER,MARRIED,,,
1044,BEND,BODY,BOND,BONE,DENY,DONE,BEYOND,
1045,EXAM,MAIN,MEAN,MINE,NAME,EXAMINE,,
1046,APT,LAP,PEA,PET,LEAPT,PETAL,PLATE,
1047,FAR,FIR,FAIL,LIAR,RAIL,FLAIR,FRAIL,
1048,DUCT,UNDO,UNTO,CONDUCT,,,,
1049,INERT,TWINE,WRITE,WINTER,,,,
1050,CHIN,INCH,NICE,SHIN,SCENE,SHINE,SINCE,CHINESE
1051,PER,RUM,SEE,SUE,SUM,USE,SUPREME,
1052,DEER,EDGE,REED,DEGREE,,,,
1053,NOR,NOW,WON,WORN,GROWN,WRONG,,
1054,EASE,ELSE,SLAP,SLEEP,ASLEEP,ELAPSE,PLEASE,
1055,LINEAR,MARINE,MENIAL,REMAIN,MINERAL,,,
1056,ATE,EAT,MET,MATE,MEAT,TEAM,,
1057,NOT,ONE,SET,SON,TEN,SENT,ONSET,STONE
1058,ASK,EAT,EAST,SAKE,TASK,STAKE,STEAK,
1059,CELL,CLOT,COLT,TELL,TOLL,COLLECT,,
1060,GIST,SENT,SIGN,TEST,INGEST,SETTING,,
1061,BAND,BODY,BOND,BONY,ANYBODY,,,
1062,CUE,ORE,OUR,SUE,USE,SOURCE,,
1063,BET,LET,LOT,ROB,SET,TOE,LOBSTER,
1064,HAIR,HANG,RASH,SHIN,SIGH,SING,GRAIN,GARNISH
1065,GONE,IRON,RING,GROIN,REIGN,REGION,,
1066,RARE,RATE,REAR,TEAR,QUARTER,,,
1067,CHAOS,CORAL,CRASH,OSCAR,ROACH,SOLAR,SCHOLAR,
1068,COT,ROT,SET,STORE,CORSET,ESCORT,SECTOR,
1069,CITY,RIOT,TRIO,VICTORY,,,,
1070,LACE,TALE,TILE,TILT,LATTICE,TACTILE,,
1071,INERT,IRATE,RETAIN,RETINA,RETRAIN,TRAINER,,
1072,OPEN,PEER,PORE,ROPE,PREEN,PRONE,OPENER,REOPEN
1073,AIRY,ARMY,PAIR,PRAY,RAMP,PRIMARY,,
1074,SITE,STUD,TIDE,STUDIO,OUTSIDE,TEDIOUS,,
1075,DIAPER,PRAISE,RAISED,SPIDER,SPREAD,DESPAIR,,
1076,APT,PAR,PAT,RAP,RAT,TAP,TARP,TRAP
1077,HOT,SET,HOST,SHOE,SHOT,ETHOS,THOSE,
1078,GRIN,GRIT,RING,TWIG,TWIN,WING,WRIT,WRITING
1079,REAL,WEAR,YEAR,EARLY,LAYER,LAWYER,,
1080,CITE,CUTE,JUST,SECT,SITE,SUIT,JUSTICE,
1081,EARTH,HEART,TREAT,THREAT,,,,
1082,COME,LOPE,MOLE,POEM,COMPLEX,,,
1083,LAST,SALT,SLAY,STAY,NASTY,SALTY,SLANT,ANALYST
1084,REST,RISE,SITE,TIER,SISTER,,,
1085,POET,ROPE,RETRO,PORTER,REPORT,,,
1086,CAKE,PACE,PACK,PAGE,PEAK,PACKAGE,,
1087,DOE,EVE,LED,OLD,LOVED,EVOLVE,DEVOLVE,
1088,SIC,SIR,STIR,SUIT,CRUST,RUSTIC,,
1089,DINE,SEND,SIDE,SIGN,SING,DESIGN,,
1090,ACTOR,CRAFT,CROAT,FORAY,FORTY,FACTORY,,
1091,ATE,AXE,EAT,LET,EXALT,LATER,,
1092,HOME,HOSE,MESH,SHOE,SHOW,SOME,WHOM,SOMEHOW
1093,DEAR,LEAD,LOAD,LORE,READ,REAL,ROSE,ORDEAL
1094,EIGHT,WEIGH,WHITE,WEIGHT,,,,
1095,BREATH,DEARTH,HATRED,THREAD,BREADTH,,,
1096,PER,PURE,RUSE,SPUR,SURE,USER,PURSE,SUPER
1097,FLAT,LAOF,ALOFT,FLOAT,,,,
1098,ARM,RAN,RAIN,MANIA,AIRMAN,MARINA,,
1099,IRIS,RIOT,SORT,STIR,TRIO,VISITOR,,
1100,CATER,CRATE,REACT,TRACE,RETRACE,,,
1101,CAF\u00c9,FACE,FACT,FATE,FEART,AFFECT,,
1102,DOUR,DROP,POUR,PROD,PROUD,,,
1103,PAIR,PART,PITA,TRIP,PRIMA,TRAMP,ARMPIT,IMPART
1104,COME,CUTE,MOOT,MUTE,TOME,OUTCOME,,
1105,ORE,ROT,SET,TOE,STORE,RESORT,,
1106,EIGHT,FIGHT,GRIEF,RIGHT,FRIGHT,FIGHTER,FREIGHT,
1107,PORE,ROPE,TORE,PORTER,REPORT,,,
1108,EAST,SEAT,STEW,SWAT,WEST,WASTE,,
1109,CORE,ROTE,TORE,CORRECT,,,,
1110,ATE,EAT,SAT,EAST,SEAT,TAKE,STEAK,
1111,DIME,IDLE,LIME,MELD,MILD,MIDDLE,,
1112,CART,TACT,TART,ATTRACT,,,,
1113,EATING,TANGLE,TINGLE,GENITAL,,,,
1114,RUIN,TEEN,TIRE,ENTIRE,TENURE,REUNITE,,
1115,ALLY,TALL,TOLL,ALLOW,LOYAL,TOTAL,TOTALLY,
1116,BAT,EAT,SAT,SEA,BASTE,BEAST,,
1117,ARCH,CHAR,CRAM,HARM,CHARM,,,
1118,BARE,BEAT,BEER,BEATER,BERATE,REBATE,,
1119,FISH,INFO,SHIN,SOFA,FASHION,,,
1120,COT,ROT,STORE,CORSET,ESCORT,SECTOR,,
1121,HAIL,HOLD,HOLY,LADY,LAID,LOAD,HOLIDAY,
1122,ALONE,INLET,ENTAIL,LATINO,TOENAIL,,,
1123,REIN,RISE,RESIN,RINSE,RISEN,SIREN,,
1124,LATE,TEAR,TREE,EATER,LATER,RELATE,,
1125,ATE,EAT,EACH,HATE,HEAT,TEACH,,
1126,AGENDA,DAMAGE,MANAGE,MANAGER,,,,
1127,NOSE,RISE,ROSE,NOISE,RESIN,RISEN,SENIOR,
1128,DRAW,ROAD,SORT,START,WORD,ROAST,SWORD,TOWARDS
1129,DIG,RED,RIG,DIRE,RIDE,RIDGE,,
1130,CLEAN,LANCE,LEACH,CHANNEL,,,,
1131,LOW,WOE,BELOW,BOWEL,ELBOW,,,
1132,REST,SURE,TREE,USER,QUEST,RESET,TERSE,REQUEST
1133,DINE,DIRE,NERD,NINE,REIN,RIDE,RIND,DINNER
1134,BARE,BEAR,RAVE,VERB,BRAVE,,,
1135,DRAIN,DRAWN,GRAIN,GRAND,GRIND,DRAWING,,
1136,END,SEE,NEED,SEED,SEEN,SEND,DENSE,
1137,ATE,EAT,SET,LEAST,SLATE,STALE,STEAL,
1138,NOR,NOT,HORN,TORN,NORTH,,,
1139,OVER,ROVE,TORE,VOTE,TROVE,,,
1140,INLET,INSET,ENLIST,LISTEN,SILENT,,,
1141,GATE,MATE,TAME,MAGNET,MANAGE,MAGNATE,,
1142,LINE,HINGE,SHINE,SLING,ENGLISH,SHINGLE,,
1143,EASY,FAST,FATE,SAFE,SEAT,STAY,SAFETY,
1144,HER,THE,HERE,ETHER,THERE,THREEE,,
1145,RACE,TEAR,CATER,CRATE,REACT,TRACE,,
1146,EMIT,ITEM,MITE,TIME,,,,
1147,REST,STEM,TERM,MYSTERY,,,,
1148,INSET,SAINT,STAND,DETAIN,INSTEAD,,,
1149,EACH,HEAL,LEAN,CLEAN,LANCE,LEACH,CHANNEL,
1150,EURO,JURY,YOUR,JOURNEY,,,,
1151,LAP,MAP,PEA,PALE,AMPLE,,,
1152,DIE,DIRE,FIRE,RIDE,RIFE,FIRED,FRIED,
1153,CITE,LENT,LINE,LITE,NICE,TILE,CLIENT,
1154,DIET,DOSE,DUST,EDIT,STUDIO,TEDIOUS,,
1155,ENTER,THEIR,THERE,EITHER,ENTIRE,NEITHER,,
1156,BUN,RUB,RUN,URN,BURN,,,
1157,BEER,BRED,DEER,REED,BREED,,,
1158,BAD,BAR,ROB,BOAR,BOARD,ABOARD,,
1159,DANE,MADE,MEND,AMEND,NAMED,MUNDANE,,
1160,HIRE,TIRE,WIRE,WITH,THEIR,THREW,WRITE,WRITHE
1161,IRATE,PAINT,PARENT,PIRATE,RETAIN,PAINTER,,
1162,COPE,LIMP,POEM,IMPEL,COMPILE,POLEMIC,,
1163,ORE,SEET,TOE,RETRO,STORE,RESORT,,
1164,DIRE,DIVE,RIDE,DIVER,DRIVE,RIDER,RIVER,DRIVER
1165,STARE,STATE,TREAT,RESTART,STARTER,,,
1166,EAST,LAST,SALE,LEAST,SLATE,STEAL,,
1167,AIR,ITS,TAR,STAIR,ARTIST,,,
1168,LINE,SIGH,HINGE,SHINE,SLING,SHINGLE,,
1169,PARE,REAP,SEA,SPEAR,PASSER,SPARSE,,
1170,BOIL,LOGO,OILY,BIOLOGY,,,,
1171,EVER,HERE,HERO,OVER,HOVER,WHERE,WHOEVER,
1172,TAX,TEA,AXLE,LATE,TALE,EXALT,LATEX,
1173,DINER,RINSE,RISEN,CINDER,RINSED,RESCIND,,
1174,CARD,RACE,CADRE,CEDAR,SCARE,SACRED,SCARED,
1175,NIECE,SCENE,SINCE,SLICE,LICENSE,,,
1176,IRE,MET,RIM,TIE,MERIT,TIMER,,
1177,ROT,OVER,VETO,VOTE,OVERT,TROVE,VOTER,
1178,DEER,REST,SEED,TREE,DETER,DRESS,RESET,DESSERT
1179,CART,RACE,REAR,TEAR,CRATER,TRACER,,
1180,SOY,TRY,FORT,ROSY,FORTY,FROST,,
1181,AIRY,ARID,RAID,YARD,DAIRY,,,
1182,COST,NOSE,NOTE,ONCE,SENT,SCENT,STONE,CONSENT
1183,SAINT,STAIN,DETAIN,INSTEAD,STAINED,,,
1184,SCOT,SORE,STORE,CORSET,ESCORT,SECTOR,,
1185,ROOT,ROUT,TOOK,TOUR,WORK,WORKOUT,,
1186,ASK,ATE,SAT,SEA,SKATE,STAKE,STEAK,
1187,ABLE,BAKE,BALK,LAKE,LEAK,BLEAK,,
1188,CITE,TALE,ATTIC,TACIT,TITLE,TACTILE,,
1189,BEEF,BILE,FEEL,FILE,FLEE,LIFE,BELIEF,
1190,PAINT,PATIO,PIANO,POINT,APPOINT,,,
1191,DIE,DOE,DUE,DUO,OUT,TOE,OUTSIDE,
1192,CURE,RUSE,SURE,CURSE,REUSE,RESCUE,SECURE,
1193,LAP,PAL,SPA,SLAP,CLASP,SCALP,,
1194,LENS,LESS,LOSE,LOSS,NOSE,LESSON,,
1195,GIANT,INSET,SAINT,SATIN,SEATING,TEASING,,
1196,ITS,LIT,SIT,LIST,SILT,SLIT,,
1197,DARE,DEAR,READ,ROAD,RODE,ADORE,,
1198,AIL,LAIN,NAIL,SAIL,SLAIN,SNAIL,,
1199,KIND,KING,MIND,MINK,MONK,KINGDOM,,
1200,HINT,THEN,THIN,EIGHT,NIGHT,THING,TIGHT,TIGHTEN
1201,ANKLE,BLANK,BLEAK,TABLE,TAKEN,BLANKET,,
1202,RAN,GAIN,GRIN,RAIN,RING,RACING,,
1203,RUN,RUT,TEE,TIN,ENTER,URINE,UTERINE,
1204,BALL,BOON,LOAN,BALLOON,,,,
1205,RIG,RIM,GERM,GRIM,MERE,MIRE,MERGE,\u00c9MIGR\u00c9
1206,RATE,TEAR,TREE,EATER,RATER,TREAT,RETREAT,
1207,BET,BUT,BUTT,REBUT,TUBER,UTTER,,
1208,PEA,PEE,SPA,LEASE,ASLEEP,ELAPSE,PLEASE,
1209,DUAL,LADY,LAND,YARD,YARN,LAUNDRY,,
1210,DIRE,REIN,RICE,RIND,DISCERN,RESCIND,,
1211,RERAN,TRAIN,RETAIN,RETINA,TERRAIN,TRAINER,,
1212,DASH,SHOD,SHOW,SODA,WASH,SHADOW,,
1213,BODE,BODYEDGY,GOOD,OBEY,GOODBYE,,,
1214,DEEP,DEER,PEER,CREED,CREEP,PRECEDE,,
1215,FINGER,FRINGE,IGNORE,REGION,FOREIGN,,,
1216,AFT,ART,FAR,FAT,RAT,TAR,FRAT,RAFT
1217,SUE,USE,PURE,SPUR,SURE,PURSE,SUPER,
1218,LOOK,LOOT,TOOK,TOOL,OUTLOOK,,,
1219,FATE,FEAT,FOOT,GATE,GOAT,GOOF,FOOTAGE,
1220,ACHE,CARE,CART,CHAT,EACH,HEAR,RACE,TEACHER
1221,ACORN,ACTOR,CROAT,CROON,CARTOON,,,
1222,ELSE,LEST,ELECT,STEEL,SELECT,,,
1223,DOTE,DUST,SIDE,SITE,STUD,STUDIO,OUTSIDE,
1224,THE,HIGH,EIGHT,THIGH,HEIGHT,,,
1225,TARP,TRAP,PARTY,PALTRY,PARTLY,,,
1226,DOVE,LOVE,DELVE,LOVED,DEVOLVE,,,
1227,CLAN,COAL,COLA,COOL,LOAN,OVAL,VOLCANO,
1228,ATE,SAT,EAST,SEAT,STATE,ASTUTE,,
1229,ERA,MAR,MAKE,MARE,MARKER,REMARK,,
1230,BORED,RODEO,BOOMER,BEDROOM,,,,
1231,APE,LAP,MAP,PAL,AMPLE,MAPLE,,
1232,CLUE,LUCK,CHECK,CHUCK,CHUCKLE,,,
1233,CORE,COST,ROSE,SCOT,SECTOR,,,
1234,GEM,RIG,GERM,GRIM,MERGE,\u00c9MIGR\u00c9,,
1235,RARE,RATE,REST,STAR,TEST,ARREST,RESTART,STARTER
1236,LOT,FLAT,LOAF,ALOFT,FLOAT,,,
1237,HINT,THIN,NIGHT,THING,,,,
1238,NOT,TIP,TOO,TOP,INTO,POINT,OPTION,POTION
1239,EASE,SAME,SEAM,SEEM,SOME,SWAM,AWESOME,
1240,LILAC,LOCAL,LOGIC,LOGICAL,,,,
1241,AMEN,MANE,MINE,NAME,ANEMIA,,,
1242,EAT,TEA,HEAD,DEATH,HATED,,,
1243,CORE,SURE,CURSE,SCORE,COURSE,SOURCE,,
1244,SENT,SITE,TENT,TEST,INSET,STING,STINT,SETTING
1245,LIE,SET,SIT,TEN,INSET,SILENT,,
1246,LOSET,STOLE,SORBET,BOLSTER,LOBSTER,,,
1247,ABLE,BELT,LATE,BATTLE,TABLET,,,
1248,LEAP,TALE,LEAPT,PETAL,PLATE,,,
1249,GRATE,GREAT,TREAT,TARGET,,,,
1250,CAT,RAT,ROT,CART,COAT,TACO,ACTOR,
